year,Avg_happiness_score
2015,5.375734
2016,5.382185
2017,5.354019
2018,5.375917
2019,5.407096
2020,5.47324
